depth,width,stepsize,n_samples,train_loss_mean,grad_norm_mean,test_loss_mean
1,1,0.001,5,10.7859525680542,0.000118255615234375,8.564735412597656
1,1,0.001,8,10.904060363769531,0.00011916458606719971,9.034756660461426
1,1,0.001,10,12.07225513458252,5.91278076171875e-05,1.9389370679855347
1,1,0.001,20,3.843869924545288,2.975761890411377e-05,12.712510108947754
1,1,0.001,30,3.150562047958374,2.9712915420532227e-05,9.040318489074707
1,1,0.001,50,6.445085048675537,5.942583084106445e-05,4.027365207672119
1,1,0.001,100,7.578956604003906,5.958974361419678e-05,3.1610782146453857
1,1,0.001,200,3.625263214111328,2.9742717742919922e-05,5.436633110046387
1,1,0.001,300,3.741891384124756,2.969801425933838e-05,3.5040433406829834
1,1,0.001,500,3.6161906719207764,5.9582293033599854e-05,3.0818302631378174
1,1,0.001,1000,3.444371461868286,2.972036600112915e-05,4.382192611694336
1,1,0.001,7000,3.978703737258911,2.9780901968479156e-05,5.584749698638916
1,1,0.01,5,10.7859525680542,1.1682510375976562e-05,8.565044403076172
1,1,0.01,8,10.904059410095215,1.163780689239502e-05,9.035079002380371
1,1,0.01,10,12.072253227233887,5.7220458984375e-06,1.9389508962631226
1,1,0.01,20,3.843869924545288,2.942979335784912e-06,12.712475776672363
1,1,0.01,30,3.1505625247955322,2.86102294921875e-06,9.037975311279297
1,1,0.01,50,6.445084571838379,5.9604644775390625e-06,4.027406215667725
1,1,0.01,100,7.578956127166748,5.751848220825195e-06,3.161125898361206
1,1,0.01,200,3.6252634525299072,2.9243528842926025e-06,5.436453342437744
1,1,0.01,300,3.741891622543335,2.8908252716064453e-06,3.5040388107299805
1,1,0.01,500,3.6161911487579346,5.9604644775390625e-06,3.081836462020874
1,1,0.01,1000,3.4443719387054443,2.902001142501831e-06,4.382189750671387
1,1,0.01,7000,3.978703737258911,2.9616057872772217e-06,5.584736347198486
1,1,0.002336524216440747,5,10.7859525680542,5.054473876953125e-05,8.564932823181152
1,1,0.002336524216440747,8,10.904059410095215,5.0924718379974365e-05,9.034961700439453
1,1,0.002336524216440747,10,12.072253227233887,2.5272369384765625e-05,1.9389457702636719
1,1,0.002336524216440747,20,3.843869686126709,1.274794340133667e-05,12.71248722076416
1,1,0.002336524216440747,30,3.1505627632141113,1.2740492820739746e-05,9.039791107177734
1,1,0.002336524216440747,50,6.445084571838379,2.5391578674316406e-05,4.027534484863281
1,1,0.002336524216440747,100,7.578956127166748,2.530217170715332e-05,3.16110897064209
1,1,0.002336524216440747,200,3.625263214111328,1.2733042240142822e-05,5.436577796936035
1,1,0.002336524216440747,300,3.741891622543335,1.2662261724472046e-05,3.504040479660034
1,1,0.002336524216440747,500,3.6161911487579346,2.545863389968872e-05,3.081834077835083
1,1,0.002336524216440747,1000,3.4443719387054443,1.2665987014770508e-05,4.382190704345703
1,1,0.002336524216440747,7000,3.9787042140960693,1.2753531336784363e-05,5.584747791290283
1,1,0.1,5,10.785953521728516,9.5367431640625e-07,8.56507682800293
1,1,0.1,8,10.904059410095215,8.568167686462402e-07,9.035111427307129
1,1,0.1,10,12.072253227233887,4.76837158203125e-07,1.938952088356018
1,1,0.1,20,3.843869686126709,2.2351741790771484e-07,12.712471961975098
1,1,0.1,30,3.150562047958374,1.6391277313232422e-07,8.972820281982422
1,1,0.1,50,6.445084571838379,5.662441253662109e-07,4.0240068435668945
1,1,0.1,100,7.578956127166748,5.066394805908203e-07,3.16113018989563
1,1,0.1,200,3.6252639293670654,2.5704503059387207e-07,5.434510707855225
1,1,0.1,300,3.741891622543335,1.9371509552001953e-07,3.5040388107299805
1,1,0.1,500,3.6161911487579346,4.6566128730773926e-07,3.0818371772766113
1,1,0.1,1000,3.4443721771240234,2.4959444999694824e-07,4.382189750671387
1,1,0.1,7000,3.978703737258911,2.2724270820617676e-07,5.584563732147217
1,5,0.001,5,9.056911039806437e-06,0.00338740725690177,0.7632659077644348
1,5,0.001,8,0.04738754779100418,0.002173339515766196,0.2248997688293457
1,5,0.001,10,0.02275809459388256,0.000682493927441325,3.399038553237915
1,5,0.001,20,0.08789036422967911,0.024712508936356733,1.2965177297592163
1,5,0.001,30,0.1242300420999527,0.03458284273081709,0.9673759937286377
1,5,0.001,50,0.19288401305675507,0.044528399267507,0.43479838967323303
1,5,0.001,100,0.1768755167722702,0.09264842261060566,0.22628924250602722
1,5,0.001,200,0.163339301943779,0.10653198573364601,0.35981497168540955
1,5,0.001,300,0.20903325080871582,0.1078323920734933,0.19778333604335785
1,5,0.001,500,0.2197851538658142,0.11705249399262466,0.23644116520881653
1,5,0.001,1000,0.26929062604904175,0.12851316781799726,0.45390045642852783
1,5,0.001,7000,0.38905709981918335,0.1476616452021264,0.8139364719390869
1,5,0.01,5,3.998460937348902e-11,9.43885461271381e-06,0.7710974216461182
1,5,0.01,8,0.047384172677993774,1.5662743650693118e-05,0.22735106945037842
1,5,0.01,10,0.022757813334465027,1.2790774960455882e-05,3.399874448776245
1,5,0.01,20,0.026493337005376816,0.025893472017176362,1.1664948463439941
1,5,0.01,30,0.07594481110572815,0.013497908612434984,0.4967575669288635
1,5,0.01,50,0.10286922752857208,0.06844710124209955,0.4249107539653778
1,5,0.01,100,0.12852737307548523,0.00994645293966991,0.1726837158203125
1,5,0.01,200,0.08755706995725632,0.014045980819636924,0.1661520153284073
1,5,0.01,300,0.05025988072156906,0.006556621858501037,0.05885796993970871
1,5,0.01,500,0.1093747466802597,0.0067820461468009,0.11776808649301529
1,5,0.01,1000,0.0740131363272667,0.0086828828106188,0.13540902733802795
1,5,0.01,7000,0.11263730376958847,0.00664577364811676,0.29021409153938293
1,5,0.002336524216440747,5,7.574811888844124e-10,4.5125325094759556e-05,0.7710427045822144
1,5,0.002336524216440747,8,0.047384172677993774,7.383747416761138e-05,0.2273312360048294
1,5,0.002336524216440747,10,0.022757815197110176,6.229331107793555e-05,3.3998031616210938
1,5,0.002336524216440747,20,0.08573383837938309,0.01029824370674932,1.2749851942062378
1,5,0.002336524216440747,30,0.10716557502746582,0.03560290470605596,0.9283959269523621
1,5,0.002336524216440747,50,0.11191216111183167,0.055557097156062184,0.2807466387748718
1,5,0.002336524216440747,100,0.14617232978343964,0.02385255130843227,0.19535203278064728
1,5,0.002336524216440747,200,0.13513389229774475,0.01722986903741102,0.316295325756073
1,5,0.002336524216440747,300,0.14204826951026917,0.056283624410548926,0.13944341242313385
1,5,0.002336524216440747,500,0.1555967926979065,0.04430971082205669,0.1812349408864975
1,5,0.002336524216440747,1000,0.1930321604013443,0.045957423757132,0.32814472913742065
1,5,0.002336524216440747,7000,0.26186850666999817,0.07033139840380877,0.5906674265861511
1,5,0.1,5,4.915491580963135,9.425072293031056,0.8079559206962585
1,5,0.1,8,1.0209803581237793,6.840000957591795,0.6945221424102783
1,5,0.1,10,0.022757817059755325,0.00046029816689527325,3.399653196334839
1,5,0.1,20,0.025522753596305847,0.025453874581422002,1.3448829650878906
1,5,0.1,30,0.07373867183923721,1.2846469111876654e-06,0.44946977496147156
1,5,0.1,50,0.10291674733161926,0.06855357130130137,0.4224804937839508
1,5,0.1,100,0.12710165977478027,0.03229613692117066,0.1717575043439865
1,5,0.1,200,0.08550147712230682,1.6083866438865393e-06,0.15886348485946655
1,5,0.1,300,0.05007414519786835,1.971448524371471e-06,0.05805346742272377
1,5,0.1,500,0.04516391083598137,0.0005573386280905676,0.06515388190746307
1,5,0.1,1000,0.07361649721860886,2.0484470998878655e-06,0.13144516944885254
1,5,0.1,7000,0.11182606220245361,2.3847566960947928e-06,0.2747674286365509
1,10,0.001,5,5.866714752889024e-11,2.7058414526325826e-05,0.024303115904331207
1,10,0.001,8,0.027134811505675316,0.07678775212854637,0.03913458064198494
1,10,0.001,10,0.0053672222420573235,0.02805160186322217,1.7361351251602173
1,10,0.001,20,0.10428531467914581,0.07861894873482633,1.1835116147994995
1,10,0.001,30,0.1395411193370819,0.10138576926320293,0.9997807741165161
1,10,0.001,50,0.17440032958984375,0.13660251726212475,0.25904521346092224
1,10,0.001,100,0.17289875447750092,0.13433641670150384,0.1779913455247879
1,10,0.001,200,0.15399889647960663,0.15957241899989125,0.36243560910224915
1,10,0.001,300,0.21053403615951538,0.16552600212563578,0.17718857526779175
1,10,0.001,500,0.2523627281188965,0.1804093755345852,0.2586304247379303
1,10,0.001,1000,0.25584036111831665,0.19024187367559733,0.4844934046268463
1,10,0.001,7000,0.38192468881607056,0.19376448362036067,0.8088317513465881
1,10,0.01,5,2.889540549107922e-13,1.646800591155543e-06,0.02179698646068573
1,10,0.01,8,5.076965514660969e-10,2.330092980398151e-05,0.1365974396467209
1,10,0.01,10,2.8982576623093337e-06,0.0007361753876505112,1.7345107793807983
1,10,0.01,20,0.0027081260923296213,0.006698301747981432,0.8630094528198242
1,10,0.01,30,0.00483348872512579,0.01322582653378666,0.226383239030838
1,10,0.01,50,0.019662171602249146,0.01019011638279387,0.21507082879543304
1,10,0.01,100,0.0285627581179142,0.01716997789538967,0.04340444505214691
1,10,0.01,200,0.01664320006966591,0.00731440524847404,0.0916721522808075
1,10,0.01,300,0.015074629336595535,0.010660054080964876,0.026619786396622658
1,10,0.01,500,0.02267834171652794,0.008849043639822658,0.028853852301836014
1,10,0.01,1000,0.03240809589624405,0.01426544230210589,0.06449516117572784
1,10,0.01,7000,0.042550552636384964,0.014645906687561721,0.18764819204807281
1,10,0.002336524216440747,5,9.857596509899036e-12,1.0613870986353743e-05,0.023906419053673744
1,10,0.002336524216440747,8,0.005379450507462025,0.05484551527070157,0.023355422541499138
1,10,0.002336524216440747,10,0.0010694552911445498,0.012104113476826626,1.6995116472244263
1,10,0.002336524216440747,20,0.054234687238931656,0.05233290274418241,0.7361183762550354
1,10,0.002336524216440747,30,0.06450722366571426,0.05708703907748715,0.6080865263938904
1,10,0.002336524216440747,50,0.037023626267910004,0.042435125978763005,0.12212511152029037
1,10,0.002336524216440747,100,0.08563972264528275,0.05564781804918435,0.09317810833454132
1,10,0.002336524216440747,200,0.04443684592843056,0.04791017782540589,0.15688562393188477
1,10,0.002336524216440747,300,0.07143304497003555,0.05756678866788735,0.06769436597824097
1,10,0.002336524216440747,500,0.09403256326913834,0.06349892356732502,0.0971846804022789
1,10,0.002336524216440747,1000,0.09708606451749802,0.06368845040171076,0.22998680174350739
1,10,0.002336524216440747,7000,0.15295299887657166,0.08750858757017392,0.4228525459766388
1,10,0.1,5,3.1393673771695774e-10,0.00011148481961743427,1.5728833675384521
1,10,0.1,8,3.534582049269375e-08,0.001187862982424828,0.1660424917936325
1,10,0.1,10,1.0938107364300009e-10,6.595204573246001e-05,3.71539044380188
1,10,0.1,20,0.0005391775048337877,0.00015677135247373246,1.1343045234680176
1,10,0.1,30,0.0007482636719942093,0.003670525544038522,0.11684241890907288
1,10,0.1,50,0.009560629725456238,0.07934468124866796,0.47018668055534363
1,10,0.1,100,0.016453832387924194,0.5332331617818671,0.022686928510665894
1,10,0.1,200,0.006896191276609898,0.006844654760342845,0.06236955150961876
1,10,0.1,300,0.007655544672161341,0.0022486467510675666,0.015095691196620464
1,10,0.1,500,0.013701432384550571,0.002917206325901317,0.01663408987224102
1,10,0.1,1000,0.026035413146018982,0.0011558694661213547,0.03591783344745636
1,10,0.1,7000,0.026487231254577637,0.000695620759665881,0.13275940716266632
1,20,0.001,5,2.2120143217119193e-10,4.4854232491913045e-05,0.21622730791568756
1,20,0.001,8,4.473872650123667e-06,0.0031557342199790297,0.01185766700655222
1,20,0.001,10,0.0013133843895047903,0.017848430199682016,1.2605338096618652
1,20,0.001,20,0.056276462972164154,0.05655794488810224,0.9678106307983398
1,20,0.001,30,0.07713202387094498,0.08359437427891354,0.8432024717330933
1,20,0.001,50,0.06984766572713852,0.10712503229547679,0.15722684562206268
1,20,0.001,100,0.07907526195049286,0.09283255572778933,0.0872565507888794
1,20,0.001,200,0.08334337174892426,0.10694159961850902,0.26898306608200073
1,20,0.001,300,0.1308610886335373,0.12064452248090193,0.12055011093616486
1,20,0.001,500,0.14679566025733948,0.1277923457127464,0.1538497656583786
1,20,0.001,1000,0.17251795530319214,0.13904403792778772,0.34499120712280273
1,20,0.001,7000,0.2689746618270874,0.15539551313991115,0.6512940526008606
1,20,0.01,5,4.642212720999683e-13,2.0528743517864685e-06,0.21802210807800293
1,20,0.01,8,1.2053036520243143e-11,5.56448496172881e-06,0.011225788854062557
1,20,0.01,10,3.96543946408201e-05,0.0011868728966241704,1.3135555982589722
1,20,0.01,20,0.0017061952967196703,0.009871096594015295,0.36364230513572693
1,20,0.01,30,0.004324332810938358,0.01353568489673267,0.20045892894268036
1,20,0.01,50,0.007761611137539148,0.004092056996330642,0.13432051241397858
1,20,0.01,100,0.006096776109188795,0.005951659744978391,0.031615033745765686
1,20,0.01,200,0.007125306874513626,0.009391741527946092,0.08419222384691238
1,20,0.01,300,0.006433592643588781,0.00845779634520054,0.010318080894649029
1,20,0.01,500,0.009796308353543282,0.009881029276721387,0.013884519226849079
1,20,0.01,1000,0.016527041792869568,0.01205613152805827,0.0381501242518425
1,20,0.01,7000,0.029042022302746773,0.01576347720747219,0.15563632547855377
1,20,0.002336524216440747,5,3.0278595603006053e-11,1.732636709561956e-05,0.21664898097515106
1,20,0.002336524216440747,8,7.621809849922556e-10,4.310281076333369e-05,0.011690884828567505
1,20,0.002336524216440747,10,0.00046155371819622815,0.0042608383973279885,1.2941259145736694
1,20,0.002336524216440747,20,0.03432030230760574,0.03532863084200969,0.6944258213043213
1,20,0.002336524216440747,30,0.03180493414402008,0.03260612170033925,0.5913758873939514
1,20,0.002336524216440747,50,0.015341534279286861,0.030139532597757358,0.13142205774784088
1,20,0.002336524216440747,100,0.032777089625597,0.04037432099433137,0.06231599301099777
1,20,0.002336524216440747,200,0.030099766328930855,0.03525792388435562,0.14139801263809204
1,20,0.002336524216440747,300,0.04373577609658241,0.05081127714579785,0.040861278772354126
1,20,0.002336524216440747,500,0.05370914563536644,0.05438365609369553,0.06750864535570145
1,20,0.002336524216440747,1000,0.06977202743291855,0.05693181172012872,0.17034007608890533
1,20,0.002336524216440747,7000,0.11212953180074692,0.07399951452303218,0.36534008383750916
1,20,0.1,5,2.129681320184318e-09,0.00029102140425600663,3.8206119537353516
1,20,0.1,8,1.288292672541047e-08,0.0007168630630899365,0.03295649588108063
1,20,0.1,10,3.5225790925678957e-13,3.348465036688721e-07,2.130862236022949
1,20,0.1,20,1.4197017890182906e-06,7.956879483653063e-05,0.2143007069826126
1,20,0.1,30,1.2119028724555392e-05,0.00010803547582843543,0.13561923801898956
1,20,0.1,50,0.00020858187053818256,0.0005202564430366851,0.10132124274969101
1,20,0.1,100,0.0026461416855454445,0.1544462475586522,0.008307783864438534
1,20,0.1,200,0.001572675770148635,0.0018829126560166213,0.060562558472156525
1,20,0.1,300,0.0029063927941024303,0.0026938223345300636,0.007573223207145929
1,20,0.1,500,0.0028311924543231726,0.002516808438686856,0.007484661880880594
1,20,0.1,1000,0.0055557237938046455,0.005325330535771116,0.016814276576042175
1,20,0.1,7000,0.006458924151957035,0.001948821605200806,0.05867806822061539
1,50,0.001,5,1.3773160389973782e-10,3.964360347466747e-05,1.6945431232452393
1,50,0.001,8,2.8057879717380274e-06,0.0019066138574692665,0.8065571188926697
1,50,0.001,10,0.0016975980252027512,0.01584580160833273,2.5897772312164307
1,50,0.001,20,0.05655946210026741,0.059680639997993036,0.9670212864875793
1,50,0.001,30,0.07176481187343597,0.08909630977990286,0.925094485282898
1,50,0.001,50,0.07496596872806549,0.11195230500033113,0.12291110306978226
1,50,0.001,100,0.06262877583503723,0.09550495238203771,0.0804441049695015
1,50,0.001,200,0.07301930338144302,0.10582806149244535,0.23378831148147583
1,50,0.001,300,0.12100104242563248,0.1201477566253375,0.1286890208721161
1,50,0.001,500,0.12977533042430878,0.12304030884981954,0.14124354720115662
1,50,0.001,1000,0.1574205458164215,0.13274171908380614,0.31227970123291016
1,50,0.001,7000,0.24167315661907196,0.15135491302047113,0.6200872659683228
1,50,0.01,5,9.473903425812318e-15,3.7403790894076203e-07,1.6767464876174927
1,50,0.01,8,1.1946999379369716e-12,1.7916406700433618e-06,0.7766156792640686
1,50,0.01,10,6.487566679425072e-06,0.000730720563733076,2.5351269245147705
1,50,0.01,20,0.0006611082353629172,0.014961368466945868,0.22454975545406342
1,50,0.01,30,0.002998360199853778,0.01340893629837379,0.36276674270629883
1,50,0.01,50,0.0027363861445337534,0.006535538243501428,0.07074153423309326
1,50,0.01,100,0.0033609075471758842,0.00597987753842105,0.02583911642432213
1,50,0.01,200,0.00475335493683815,0.007360145003859395,0.05625993013381958
1,50,0.01,300,0.0034519408363848925,0.007161507533596017,0.012220429256558418
1,50,0.01,500,0.005463378503918648,0.007404088696231161,0.009453906677663326
1,50,0.01,1000,0.01128788385540247,0.012106932161336773,0.028191067278385162
1,50,0.01,7000,0.01910833641886711,0.01452622453226721,0.14011721312999725
1,50,0.002336524216440747,5,9.218108047714946e-12,1.0194698280225803e-05,1.6922932863235474
1,50,0.002336524216440747,8,3.4769867540696e-10,2.5314634857272494e-05,0.8008946776390076
1,50,0.002336524216440747,10,0.000512469734530896,0.0065108565748800504,2.567188024520874
1,50,0.002336524216440747,20,0.033056143671274185,0.03433384348746265,0.6588101983070374
1,50,0.002336524216440747,30,0.028389176353812218,0.03412822977917109,0.6077168583869934
1,50,0.002336524216440747,50,0.012640352360904217,0.03228737958263013,0.07719317823648453
1,50,0.002336524216440747,100,0.022817661985754967,0.0377115701026507,0.0518815703690052
1,50,0.002336524216440747,200,0.023460237309336662,0.033486364076122384,0.11961210519075394
1,50,0.002336524216440747,300,0.038470249623060226,0.04987519363774179,0.04492611438035965
1,50,0.002336524216440747,500,0.0415072999894619,0.05104764978891071,0.055737413465976715
1,50,0.002336524216440747,1000,0.06120657920837402,0.053836215619327846,0.15104138851165771
1,50,0.002336524216440747,7000,0.09796365350484848,0.06912323507139535,0.34777799248695374
1,50,0.1,5,8.05281744607235e-14,5.455364463102852e-07,6.237462043762207
1,50,0.1,8,0.9696410894393921,6.806124861973596,75.55840301513672
1,50,0.1,10,3.771218407000454e-11,3.864287008856105e-05,2.7061855792999268
1,50,0.1,20,7.139574487169398e-10,0.0001689027377057651,0.2549770772457123
1,50,0.1,30,3.4340875572524965e-05,0.00023535694039344507,0.31326693296432495
1,50,0.1,50,2.2669973986921832e-05,0.010711968118235033,0.06044881045818329
1,50,0.1,100,0.0005345633835531771,0.12166472354285748,0.008793455548584461
1,50,0.1,200,0.00023940684332046658,0.0005275188032043577,0.024532023817300797
1,50,0.1,300,0.0002635995333548635,0.0010557633740264248,0.0024582664482295513
1,50,0.1,500,0.0005853573675267398,0.0007594051069578458,0.0018787760054692626
1,50,0.1,1000,0.000510589627083391,0.0007624477411344311,0.0031383971218019724
1,50,0.1,7000,0.0012998547172173858,0.0011086948911660103,0.03965284675359726
5,1,0.001,5,10.7859525680542,0.000118255615234375,8.564735412597656
5,1,0.001,8,10.904060363769531,0.00011916458606719971,9.034756660461426
5,1,0.001,10,12.07225513458252,5.91278076171875e-05,1.9389370679855347
5,1,0.001,20,3.843869924545288,2.975761890411377e-05,12.167204856872559
5,1,0.001,30,3.150562047958374,2.9712915420532227e-05,8.780405044555664
5,1,0.001,50,6.445085048675537,5.942583084106445e-05,4.023989200592041
5,1,0.001,100,7.578956604003906,5.958974361419678e-05,3.1610782146453857
5,1,0.001,200,3.625263214111328,2.9742717742919922e-05,5.434516906738281
5,1,0.001,300,3.741891384124756,2.969801425933838e-05,3.5040433406829834
5,1,0.001,500,3.6161906719207764,5.9582293033599854e-05,3.0818302631378174
5,1,0.001,1000,3.444371461868286,2.972036600112915e-05,4.382192611694336
5,1,0.001,7000,3.978703737258911,2.9780901968479156e-05,5.584134101867676
5,1,0.01,5,10.7859525680542,1.1682510375976562e-05,8.565044403076172
5,1,0.01,8,10.904059410095215,1.163780689239502e-05,9.035079002380371
5,1,0.01,10,12.072253227233887,5.7220458984375e-06,1.9389508962631226
5,1,0.01,20,3.843869924545288,2.942979335784912e-06,12.167168617248535
5,1,0.01,30,3.1505625247955322,2.86102294921875e-06,8.78039264678955
5,1,0.01,50,6.445084571838379,5.9604644775390625e-06,4.024004936218262
5,1,0.01,100,7.578956127166748,5.751848220825195e-06,3.161125898361206
5,1,0.01,200,3.6252634525299072,2.9243528842926025e-06,5.434510231018066
5,1,0.01,300,3.741891622543335,2.8908252716064453e-06,3.5040388107299805
5,1,0.01,500,3.6161911487579346,5.9604644775390625e-06,3.081836462020874
5,1,0.01,1000,3.4443719387054443,2.902001142501831e-06,4.382189750671387
5,1,0.01,7000,3.978703737258911,2.9616057872772217e-06,5.584132671356201
5,1,0.002336524216440747,5,10.7859525680542,5.054473876953125e-05,8.564932823181152
5,1,0.002336524216440747,8,10.904059410095215,5.0924718379974365e-05,9.034961700439453
5,1,0.002336524216440747,10,12.072253227233887,2.5272369384765625e-05,1.9389457702636719
5,1,0.002336524216440747,20,3.843869686126709,1.274794340133667e-05,12.167181968688965
5,1,0.002336524216440747,30,3.1505627632141113,1.2740492820739746e-05,8.78039836883545
5,1,0.002336524216440747,50,6.445084571838379,2.5391578674316406e-05,4.0239996910095215
5,1,0.002336524216440747,100,7.578956127166748,2.530217170715332e-05,3.16110897064209
5,1,0.002336524216440747,200,3.625263214111328,1.2733042240142822e-05,5.434513568878174
5,1,0.002336524216440747,300,3.741891622543335,1.2662261724472046e-05,3.504040479660034
5,1,0.002336524216440747,500,3.6161911487579346,2.545863389968872e-05,3.081834077835083
5,1,0.002336524216440747,1000,3.4443719387054443,1.2665987014770508e-05,4.382190704345703
5,1,0.002336524216440747,7000,3.9787042140960693,1.2753531336784363e-05,5.584132671356201
5,1,0.1,5,10.785953521728516,9.5367431640625e-07,8.56507682800293
5,1,0.1,8,10.904059410095215,8.568167686462402e-07,9.035111427307129
5,1,0.1,10,12.072253227233887,4.76837158203125e-07,1.938952088356018
5,1,0.1,20,3.843869686126709,2.2351741790771484e-07,12.16716480255127
5,1,0.1,30,3.150562047958374,1.6391277313232422e-07,8.78039264678955
5,1,0.1,50,6.445084571838379,5.662441253662109e-07,4.0240068435668945
5,1,0.1,100,7.578956127166748,5.066394805908203e-07,3.16113018989563
5,1,0.1,200,3.6252639293670654,2.5704503059387207e-07,5.434510707855225
5,1,0.1,300,3.741891622543335,1.9371509552001953e-07,3.5040388107299805
5,1,0.1,500,3.6161911487579346,4.6566128730773926e-07,3.0818371772766113
5,1,0.1,1000,3.4443721771240234,2.4959444999694824e-07,4.382189750671387
5,1,0.1,7000,3.978703737258911,2.2724270820617676e-07,5.584132194519043
5,5,0.001,5,8.481919167024898e-08,0.0005050069744924424,0.7639751434326172
5,5,0.001,8,0.04740810766816139,0.006220438899559823,0.23444579541683197
5,5,0.001,10,0.10790351778268814,0.00236889885412974,3.292207717895508
5,5,0.001,20,0.13075658679008484,0.8424791298358661,2.992940902709961
5,5,0.001,30,0.20278656482696533,0.5021248661252432,2.711735248565674
5,5,0.001,50,0.09046658873558044,0.14397855384123684,0.39495232701301575
5,5,0.001,100,0.1040005087852478,0.13757824183234504,0.156677708029747
5,5,0.001,200,2.9352610111236572,0.8229494000762256,4.242562770843506
5,5,0.001,300,0.4557616114616394,0.5670401161285519,0.48220792412757874
5,5,0.001,500,0.7602081894874573,0.7085946889062765,0.6344550848007202
5,5,0.001,1000,1.7433547973632812,1.0097374853938959,2.224604368209839
5,5,0.001,7000,1.3599936962127686,0.8622772967498245,2.5542783737182617
5,5,0.01,5,1.1842378477584098e-13,6.036647911303545e-07,0.7622244954109192
5,5,0.01,8,0.047384172677993774,1.0518201430611964e-06,0.22751134634017944
5,5,0.01,10,0.0774790421128273,0.09697209182820535,1.9191484451293945
5,5,0.01,20,0.009083702228963375,0.004699139181663087,1.677606463432312
5,5,0.01,30,0.021003171801567078,0.008512978720622103,1.166243553161621
5,5,0.01,50,0.025807224214076996,0.6476383590033972,0.10705090314149857
5,5,0.01,100,0.025214754045009613,0.1663220534173118,0.037668220698833466
5,5,0.01,200,0.007316602859646082,0.40241545579847804,0.06527449935674667
5,5,0.01,300,0.018335988745093346,1.9273005891689396,0.036340728402137756
5,5,0.01,500,0.026329247280955315,2.6285787604302535,0.03873629495501518
5,5,0.01,1000,0.07052700221538544,4.459674387456904,0.08673448860645294
5,5,0.01,7000,0.07747497409582138,4.278687403159456,0.4438536465167999
5,5,0.002336524216440747,5,9.834385389373423e-11,1.7503239780860313e-05,0.7646893858909607
5,5,0.002336524216440747,8,0.04738416150212288,1.5063923880921358e-05,0.22736042737960815
5,5,0.002336524216440747,10,0.10780838876962662,0.0029686014515073467,3.265321731567383
5,5,0.002336524216440747,20,0.01202062051743269,0.03188904244982274,1.7671993970870972
5,5,0.002336524216440747,30,0.03012268617749214,0.029253440259564566,1.253301739692688
5,5,0.002336524216440747,50,0.058427825570106506,0.051716573933164,0.24595247209072113
5,5,0.002336524216440747,100,0.07522400468587875,0.04378367725827206,0.11438778787851334
5,5,0.002336524216440747,200,0.04585377499461174,0.1649434640614692,0.11944537609815598
5,5,0.002336524216440747,300,0.04125611111521721,0.12187545096504988,0.04571175202727318
5,5,0.002336524216440747,500,0.07669961452484131,0.1451066860615354,0.08654671907424927
5,5,0.002336524216440747,1000,0.10889515280723572,0.12046737154963025,0.24009402096271515
5,5,0.002336524216440747,7000,0.12335027009248734,0.4974255618696898,0.5888409614562988
5,5,0.1,5,10.785953521728516,9.5367431640625e-07,8.56507682800293
5,5,0.1,8,10.904059410095215,8.568167686462402e-07,9.035111427307129
5,5,0.1,10,12.07225513458252,4.76837158203125e-07,1.9389524459838867
5,5,0.1,20,3.843869924545288,2.2351741790771484e-07,12.16716480255127
5,5,0.1,30,0.5051262378692627,0.6533473352050038,3.680483102798462
5,5,0.1,50,6.445084571838379,5.662441253662109e-07,4.0240068435668945
5,5,0.1,100,7.578956127166748,5.066394805908203e-07,3.16113018989563
5,5,0.1,200,1.230859398841858,1.29289120659353e-06,2.6190593242645264
5,5,0.1,300,3.741891622543335,1.9371509552001953e-07,3.5040388107299805
5,5,0.1,500,3.6161911487579346,4.6566128730773926e-07,3.0818371772766113
5,5,0.1,1000,0.3460540175437927,2.8767634419307972,0.7443330883979797
5,5,0.1,7000,3.978703737258911,2.477318048477173e-07,5.584132671356201
5,10,0.001,5,6.141552266747397e-10,4.453144216894712e-05,0.5018470287322998
5,10,0.001,8,0.04744454473257065,0.0018384965970727652,0.22804267704486847
5,10,0.001,10,0.10636142641305923,0.020833467554687738,0.2720547914505005
5,10,0.001,20,0.099416084587574,0.5922339719869346,0.5221570730209351
5,10,0.001,30,0.06368440389633179,0.37075530460242,0.3942090570926666
5,10,0.001,50,0.09881062060594559,0.4499773203726217,0.19299982488155365
5,10,0.001,100,0.16291360557079315,0.21462062983069013,0.3042592704296112
5,10,0.001,200,0.15014652907848358,0.190796027805695,0.3911841809749603
5,10,0.001,300,0.21269018948078156,0.16018003727431898,0.06122089922428131
5,10,0.001,500,0.23270487785339355,0.2042497794016817,0.24554595351219177
5,10,0.001,1000,0.20638011395931244,0.13593497922801548,0.47867462038993835
5,10,0.001,7000,0.44154226779937744,0.19114498014432124,0.7067409157752991
5,10,0.01,5,1.4495071809506044e-12,5.7422536888689006e-06,0.22080357372760773
5,10,0.01,8,1.0217715345692269e-12,1.1061238250514155e-06,0.03322787582874298
5,10,0.01,10,4.7431029088329524e-05,0.01338629866359713,0.05983775854110718
5,10,0.01,20,0.00034565021633170545,0.0016075221230792453,0.6183388233184814
5,10,0.01,30,0.0009814528748393059,0.09207436284371792,0.48657071590423584
5,10,0.01,50,0.0019251205958425999,0.6186545592739671,0.25459861755371094
5,10,0.01,100,0.0117728803306818,1.8708323108032492,0.03597981855273247
5,10,0.01,200,0.006597805768251419,1.3216300018096416,0.09766252338886261
5,10,0.01,300,0.015749730169773102,2.145398197763759,0.018245555460453033
5,10,0.01,500,0.027307769283652306,2.8946445721765057,0.03898279368877411
5,10,0.01,1000,0.02948005683720112,2.911430294809109,0.07588700950145721
5,10,0.01,7000,0.10295608639717102,5.242870541492901,0.278668075799942
5,10,0.002336524216440747,5,7.528436901660385e-11,1.7384737932165824e-05,0.5080471038818359
5,10,0.002336524216440747,8,0.047402262687683105,0.0031983419322922793,0.2278030663728714
5,10,0.002336524216440747,10,0.05108275264501572,0.1231916961822093,0.15892647206783295
5,10,0.002336524216440747,20,0.0007815739954821765,0.01627561488345032,0.5742235779762268
5,10,0.002336524216440747,30,0.013734427280724049,0.04763900920785144,0.4762086272239685
5,10,0.002336524216440747,50,0.010747712105512619,0.12746724514807276,0.25158393383026123
5,10,0.002336524216440747,100,0.05248347669839859,0.2470223453679577,0.11185315251350403
5,10,0.002336524216440747,200,0.05297990143299103,0.3485629329303895,0.17954616248607635
5,10,0.002336524216440747,300,0.023663295432925224,0.07310756691683314,0.014420019462704659
5,10,0.002336524216440747,500,0.042922381311655045,0.09040567195380825,0.049898821860551834
5,10,0.002336524216440747,1000,0.05958598479628563,0.11549793454623891,0.21166092157363892
5,10,0.002336524216440747,7000,0.15737920999526978,0.1098912310963938,0.30240440368652344
5,10,0.1,5,10.785953521728516,9.5367431640625e-07,8.56507682800293
5,10,0.1,8,10.904059410095215,8.568167686462402e-07,9.035111427307129
5,10,0.1,10,12.072253227233887,4.76837158203125e-07,1.938952088356018
5,10,0.1,20,3.843869686126709,1.4096410139475797e-07,12.153083801269531
5,10,0.1,30,0.0008783047669567168,0.09510887898882357,0.5769916772842407
5,10,0.1,50,6.445084571838379,8.94263676118687e-08,4.0240068435668945
5,10,0.1,100,7.578956127166748,5.066394805908203e-07,3.16113018989563
5,10,0.1,200,0.0006331282784231007,0.0647911349894718,0.11714422702789307
5,10,0.1,300,3.741891622543335,8.389143647293395e-08,3.5040388107299805
5,10,0.1,500,0.010461462661623955,0.6094721719125582,0.014672953635454178
5,10,0.1,1000,3.4443721771240234,2.0736938065647982e-07,4.382189750671387
5,10,0.1,7000,3.978703737258911,4.951159508161336e-09,5.584132671356201
5,20,0.001,5,1.8758328224066645e-11,1.679668601717959e-05,0.16435867547988892
5,20,0.001,8,0.005120298359543085,0.12599797876310315,0.053376659750938416
5,20,0.001,10,0.010965326800942421,0.06525479704719658,1.5266412496566772
5,20,0.001,20,0.022025352343916893,0.09002066042060519,0.8429262042045593
5,20,0.001,30,0.12958039343357086,0.33212393158329734,1.0674805641174316
5,20,0.001,50,0.033066071569919586,0.1019636913205429,0.1637464314699173
5,20,0.001,100,0.07165457308292389,0.12336605985377422,0.14395232498645782
5,20,0.001,200,0.16696877777576447,0.16949417336500616,0.4611873924732208
5,20,0.001,300,0.12787406146526337,0.2106633357722656,0.08963701128959656
5,20,0.001,500,0.11599063128232956,0.17390219654944097,0.1461687535047531
5,20,0.001,1000,0.13558711111545563,0.18567081865758023,0.34046316146850586
5,20,0.001,7000,0.21322599053382874,0.23780439543684412,0.42245757579803467
5,20,0.01,5,4.887112936557969e-10,0.0004403709560512984,0.20538084208965302
5,20,0.01,8,5.83644257597972e-14,5.466987545185898e-07,0.022121727466583252
5,20,0.01,10,5.686702024831902e-06,0.04219896371894857,0.9008826613426208
5,20,0.01,20,2.2534746676683426e-05,0.0012252537433309909,0.18756331503391266
5,20,0.01,30,2.5668408852652647e-05,0.0073060587155780714,0.3308658301830292
5,20,0.01,50,0.00010990087321260944,0.01898582918476317,0.10370089113712311
5,20,0.01,100,0.001827022060751915,0.6244727307355838,0.008345082402229309
5,20,0.01,200,0.0007210651529021561,0.011646331851278441,0.04270410165190697
5,20,0.01,300,0.0004043139924760908,0.0024137438588418027,0.0032930930610746145
5,20,0.01,500,0.0009799059480428696,0.007619556192819241,0.0039346287958323956
5,20,0.01,1000,0.001522929291240871,0.5067900512419756,0.006395841483026743
5,20,0.01,7000,0.0037732224445790052,0.8664973980089453,0.07533041387796402
5,20,0.002336524216440747,5,1.231607372510768e-12,3.6947541578896025e-06,0.16522952914237976
5,20,0.002336524216440747,8,8.081635187451308e-12,8.561146359912603e-06,0.019662875682115555
5,20,0.002336524216440747,10,0.0001645966258365661,0.005303414624575593,1.2452574968338013
5,20,0.002336524216440747,20,0.00035184729495085776,0.007039641217891494,0.1907656192779541
5,20,0.002336524216440747,30,0.007732211146503687,0.0392143106224779,0.3804234266281128
5,20,0.002336524216440747,50,0.0073180231265723705,0.027042304052515613,0.14526282250881195
5,20,0.002336524216440747,100,0.01748022623360157,0.04011387666256196,0.04270575940608978
5,20,0.002336524216440747,200,0.01581745222210884,0.046760069028584685,0.09215400367975235
5,20,0.002336524216440747,300,0.006613215897232294,0.03221907909898814,0.018450750038027763
5,20,0.002336524216440747,500,0.006717514246702194,0.031924680824577806,0.015195325016975403
5,20,0.002336524216440747,1000,0.01340043731033802,0.05241302078855302,0.05007019266486168
5,20,0.002336524216440747,7000,0.011184057220816612,0.04216422382504551,0.10038499534130096
5,20,0.1,5,4.124643802642822,2.2604032533486293e-06,14.388090133666992
5,20,0.1,8,10.904059410095215,8.568167686462402e-07,9.035111427307129
5,20,0.1,10,,,
5,20,0.1,20,6.0808561102021486e-05,0.03608108000037978,1.583939552307129
5,20,0.1,30,6.589797703782097e-05,0.005643635677850851,1.1668107509613037
5,20,0.1,50,2.5812137126922607,5.949663242302388,2.1525356769561768
5,20,0.1,100,7.578956127166748,9.152834444366613e-08,3.1611313819885254
5,20,0.1,200,0.0008936251979321241,0.15990043795701445,0.06851258873939514
5,20,0.1,300,0.005091591272503138,0.44171070246246363,0.020557435229420662
5,20,0.1,500,0.009997349232435226,0.6181253878841316,0.011644287034869194
5,20,0.1,1000,0.0009837904945015907,0.12603960835804626,0.004030045587569475
5,20,0.1,7000,3.978703737258911,2.2724270820617676e-07,5.584132194519043
5,50,0.001,5,1.5702521227733968e-10,2.68153602679037e-05,0.5015959739685059
5,50,0.001,8,0.0035521630197763443,0.08317937628353217,0.07053792476654053
5,50,0.001,10,0.0009873552480712533,0.02757185304985622,0.06929971277713776
5,50,0.001,20,0.0036953913513571024,0.05058962529582465,1.1189944744110107
5,50,0.001,30,0.021297801285982132,0.09213485658324592,0.7494470477104187
5,50,0.001,50,0.013548554852604866,0.15846740151450725,0.13496555387973785
5,50,0.001,100,0.021223941817879677,0.07534349961006458,0.05861438065767288
5,50,0.001,200,0.031729355454444885,0.08514032551201868,0.1544322520494461
5,50,0.001,300,0.03380453586578369,0.09693161755377971,0.015992900356650352
5,50,0.001,500,0.051037177443504333,0.13679411852542306,0.0628867819905281
5,50,0.001,1000,0.06322363018989563,0.11490957875073167,0.18771454691886902
5,50,0.001,7000,0.08456569164991379,0.15217890942170875,0.18898801505565643
5,50,0.01,5,1.1240643971177633e-09,0.0006695259694524976,0.3783407211303711
5,50,0.01,8,3.805059378692022e-09,0.0012327743315102679,0.03159218654036522
5,50,0.01,10,5.922456303153467e-09,0.0003744608336945185,0.14665047824382782
5,50,0.01,20,4.686077318183379e-06,0.000659161754758907,1.0408658981323242
5,50,0.01,30,1.3153090776540921e-06,0.006709996914400096,0.33299747109413147
5,50,0.01,50,8.580290159443393e-05,0.0871305197652329,0.08449976146221161
5,50,0.01,100,0.0021927927155047655,0.8743246435616235,0.012844940647482872
5,50,0.01,200,0.0004177144728600979,0.2676520438062413,0.05341155081987381
5,50,0.01,300,0.0002527286997064948,0.23871989172386615,0.0025144675746560097
5,50,0.01,500,0.0010098940692842007,0.5613285306049324,0.0018974681152030826
5,50,0.01,1000,0.000676240655593574,0.39939296887729586,0.0071394601836800575
5,50,0.01,7000,0.0011709023965522647,0.5160420130061566,0.05210525915026665
5,50,0.002336524216440747,5,6.844894876595342e-12,5.9357541826999194e-06,0.5023584365844727
5,50,0.002336524216440747,8,6.574360611466545e-09,0.00011923978905975814,0.030607379972934723
5,50,0.002336524216440747,10,3.5910132282879204e-05,0.002773759176026475,0.06263095885515213
5,50,0.002336524216440747,20,0.0005463386187329888,0.009360490702552673,1.085313320159912
5,50,0.002336524216440747,30,0.002298582810908556,0.025810272561796955,0.34607645869255066
5,50,0.002336524216440747,50,0.0028670693282037973,0.01890830331413379,0.0991920456290245
5,50,0.002336524216440747,100,0.0033599911257624626,0.025593857092445892,0.022706057876348495
5,50,0.002336524216440747,200,0.006237039342522621,0.03132974515158214,0.09239759296178818
5,50,0.002336524216440747,300,0.002259782748296857,0.020552476988789783,0.006169573403894901
5,50,0.002336524216440747,500,0.004293045029044151,0.02780211036257419,0.008407434448599815
5,50,0.002336524216440747,1000,0.008193811401724815,0.05033227431910793,0.046170689165592194
5,50,0.002336524216440747,7000,0.006323318928480148,0.05755235299069611,0.05695882439613342
5,50,0.1,5,,,
5,50,0.1,8,10.904059410095215,9.5367431640625e-07,9.035118103027344
5,50,0.1,10,5.0341668128967285,1.8216264166845533e-06,0.42578554153442383
5,50,0.1,20,6.129874918769929e-07,0.004949788703901845,2.183349132537842
5,50,0.1,30,5.3462932555703446e-05,0.04318416768135012,2.0116167068481445
5,50,0.1,50,,,
5,50,0.1,100,7.578956127166748,4.3213367462158203e-07,3.1611313819885254
5,50,0.1,200,0.010074294172227383,0.6154110582002166,0.045858051627874374
5,50,0.1,300,0.0004011747078038752,0.10665638515863969,0.0077113136649131775
5,50,0.1,500,0.0027401221450418234,0.3084089658372845,0.0023782700300216675
5,50,0.1,1000,0.0008434450719505548,0.153491574320717,0.0031983216758817434
5,50,0.1,7000,0.0022299119736999273,0.2712307329507118,0.029171088710427284
